{"cameraMode":{"drawMode":0,"name":"Shaded","section":"Shading Mode"},"sceneLighting":true,"audioPlay":false,"sceneViewState":{"showFog":true,"showMaterialUpdate":false,"showSkybox":true,"showFlares":true,"showImageEffects":true,"showParticleSystems":true},"in2DMode":false,"pivot":{"x":-1.7730159759521485,"y":0.6596885919570923,"z":1.1010445356369019},"rotation":{"x":-0.22810064256191255,"y":-0.36685651540756228,"z":0.09327980875968933,"w":-0.8970503211021423},"size":30.257152557373048,"orthographic":true}