{"cameraMode":{"drawMode":0,"name":"Shaded","section":"Shading Mode"},"sceneLighting":true,"audioPlay":false,"sceneViewState":{"showFog":true,"showMaterialUpdate":false,"showSkybox":true,"showFlares":true,"showImageEffects":true,"showParticleSystems":true},"in2DMode":false,"pivot":{"x":5.960464477539063e-8,"y":1.5,"z":-1.1920928955078126e-7},"rotation":{"x":-0.23255985975265504,"y":-0.3623970150947571,"z":0.0938841849565506,"w":-0.8976545333862305},"size":16.571523666381837,"orthographic":true}